Comando,NomeCat,IDProduto,CodProd,NomeProd,Peso,Descricao,DescrLonga,DescrURL,URLTarget,Estoque,EstoqueMinimo,Disponivel,ICMS,Custo,Preco,PrecoProm,PrecoB2B,PrecoB2BProm,DataPromInicio,DataPromFim,Lancamento,EmDestaque,ImagemProd,ImagemDet,ImagemAmp,Adicional1,Adicional2,Adicional3,AdicionalD1,AdicionalD2,AdicionalD3,Cores,OrdemProd,IDProdutoPai,RamoProd,MaisProd,DataVencimento,DiasAvisoVencimento,DiasReposicao,IDParceiroProd,DescrHTM,MetaKeywordsProd,MaxParcelasProd,XMLParcelasProd,CodBarrasProd,Embalavel,IsProdutoGrande,LarguraProd,AlturaProd,ProfundidadeProd,CodVideo,ProdMPN,TitleProd,URLProd,VendaConjunta,MetaDescriptionProd,IDsFiltroItem
"A","Acessórios",258037,"2101","Almofada Inflável com Pegadores - Coleção Fetish Fantasy Series",1210,"","","http://www.lojadoprazer.com/xg/XG2101.jpg",True,1,1,True,0,49.9,149.9,0,0,0,,,False,False,"T2101.jpg","2101.jpg","2101.jpg","","","","Estados Unidos (USA)","Pipedream","","",0,,1098,"15169,11623,14523,12106,12379",,0,0,,"iframe/2101.html","almofada inflável,almofada erótica,almofada com pegadores,almofada sexo",0,0,"",True,False,0,0,0,"","","","","","",""
"A","Acessórios",258148,"2101","Almofada Inflável com Pegadores - Coleção Fetish Fantasy Series",1210,"","","http://www.lojadoprazer.com/xg/XG2101.jpg",True,1,1,True,0,49.9,149.9,0,0,0,,,False,False,"T2101.jpg","2101.jpg","2101.jpg","","","","Estados Unidos (USA)","Pipedream","","",0,,1098,"15169,11623,14523,12106,12379",,0,0,,"iframe/2101.html","almofada inflável,almofada erótica,almofada com pegadores,almofada sexo",0,0,"",True,False,0,0,0,"","","","","","",""
"A","Acessórios",258262,"2101","Almofada Inflável com Pegadores - Coleção Fetish Fantasy Series",1210,"","","http://www.lojadoprazer.com/xg/XG2101.jpg",True,1,1,True,0,49.9,149.9,0,0,0,,,False,False,"T2101.jpg","2101.jpg","2101.jpg","","","","Estados Unidos (USA)","Pipedream","","",0,,1098,"15169,11623,14523,12106,12379",,0,0,,"iframe/2101.html","almofada inflável,almofada erótica,almofada com pegadores,almofada sexo",0,0,"",True,False,0,0,0,"","","","","","",""
"A","Acessórios",258166,"226086","Amarras de Tecido Submission",65,"","","http://www.lojadoprazer.com/xg/XG226086.jpg",True,0,1,True,0,5.55,16.9,0,0,0,,,False,False,"5036_01.jpg","5036_01.jpg","5036_01.jpg","","","","","","","",15,,0,"226092,226093,226094,226095,226096",,0,0,,"iframe/226086.html","submission,sado,sadomasoquismo,bondage",0,0,"",True,False,0,0,0,"","","","","","",""
"A","Acessórios",258160,"226087","Amarras de Vinil Submission",65,"","","http://www.lojadoprazer.com/xg/XG226087.jpg",True,0,1,True,0,9.18,27.9,0,0,0,,,False,False,"5036_01.jpg","5036_01.jpg","5036_01.jpg","","","","","","","",15,,0,"226092,226093,226094,226095,226096",,0,0,,"iframe/226087.html","submission,sado,sadomasoquismo",0,0,"",True,False,0,0,0,"","","","","","","661"
"A","Acessórios",258058,"226087","Amarras de Vinil Submission",65,"","","http://www.lojadoprazer.com/xg/XG226087.jpg",True,1,1,True,0,9.18,27.9,0,0,0,,,False,False,"5036_01.jpg","5036_01.jpg","5036_01.jpg","","","","","","","",15,,0,"226092,226093,226094,226095,226096",,0,0,,"iframe/226087.html","submission,sado,sadomasoquismo",0,0,"",True,False,0,0,0,"","","","","","",""
"A","Acessórios",258289,"226087","Amarras de Vinil Submission",65,"","","http://www.lojadoprazer.com/xg/XG226087.jpg",True,1,1,True,0,9.18,27.9,0,0,0,,,False,False,"produto-modelo-teste-03.jpg","produto-modelo-teste-03.jpg","produto-modelo-teste-03.jpg","","","","","","","",15,,0,"226092,226093,226094,226095,226096",,0,0,,"iframe/226087.html","submission,sado,sadomasoquismo",0,0,"",True,False,0,0,0,"","","","","","",""
"A","Acessórios",258190,"19503","Bomba para Inflar Bonecas e Bonecos Comprida",300,"","","http://www.lojadoprazer.com/xg/XG19503.jpg",True,1,1,True,0,0,39.9,0,0,0,,,False,False,"T19503.jpg","19503.jpg","19503.jpg","","","","Brasil","","","",0,,1086,"19504,19505,19506,19507",,0,0,,"iframe/19503.html","Bomba de inflar,Bomba para encher,bomba para bonecas,bomba comprida,bomba para boneco,bomba de boneca,bomba de encher",0,0,"",True,False,0,0,0,"","","","","","",""
"A","Acessórios",258307,"19503","Bomba para Inflar Bonecas e Bonecos Comprida",300,"","","http://www.lojadoprazer.com/xg/XG19503.jpg",True,1,1,True,0,0,39.9,0,0,0,,,False,False,"T19503.jpg","19503.jpg","19503.jpg","","","","Brasil","","","",0,,1086,"19504,19505,19506,19507",,0,0,,"iframe/19503.html","Bomba de inflar,Bomba para encher,bomba para bonecas,bomba comprida,bomba para boneco,bomba de boneca,bomba de encher",0,0,"",True,False,0,0,0,"","","","","","",""
"A","Acessórios",257998,"19503","Bomba para Inflar Bonecas e Bonecos Comprida",300,"","","http://www.lojadoprazer.com/xg/XG19503.jpg",True,1,1,True,0,0,39.9,0,0,0,,,False,False,"T19503.jpg","19503.jpg","19503.jpg","","","","Brasil","","","",0,,1086,"19504,19505,19506,19507",,0,0,,"iframe/19503.html","Bomba de inflar,Bomba para encher,bomba para bonecas,bomba comprida,bomba para boneco,bomba de boneca,bomba de encher",0,0,"",True,False,0,0,0,"","","","","","",""
"A","Acessórios",257995,"19504","Bomba para Inflar Bonecas Inflate A Babe Hand Pump",300,"","","http://www.lojadoprazer.com/xg/XG19504.jpg",True,1,1,True,0,42.9,89.9,47.9,0,0,02/09/2013,02/09/2015,False,False,"T19504.jpg","19504.jpg","19504.jpg","","","","Estados Unidos (USA)","California Exotic","","",0,,1086,"19505,19506,19507,19508",,0,0,,"iframe/19504.html","Bomba para Inflar Bonecas, Bonecos e Outros Artigos Infláveis Inflate-A-Babe Hand Pump,Bomba,bomba de bonecas,bomba de encher,bomba,bomba para inflar,California,california exotic,California exotics",0,0,"",True,False,0,0,0,"","","","","","",""
"A","Acessórios",258304,"19504","Bomba para Inflar Bonecas Inflate A Babe Hand Pump",300,"","","http://www.lojadoprazer.com/xg/XG19504.jpg",True,1,1,True,0,42.9,89.9,47.9,0,0,02/09/2013,02/09/2015,False,False,"T19504.jpg","19504.jpg","19504.jpg","","","","Estados Unidos (USA)","California Exotic","","",0,,1086,"19505,19506,19507,19508",,0,0,,"iframe/19504.html","Bomba para Inflar Bonecas, Bonecos e Outros Artigos Infláveis Inflate-A-Babe Hand Pump,Bomba,bomba de bonecas,bomba de encher,bomba,bomba para inflar,California,california exotic,California exotics",0,0,"",True,False,0,0,0,"","","","","","",""
"A","Acessórios",258187,"19504","Bomba para Inflar Bonecas Inflate A Babe Hand Pump",300,"","","http://www.lojadoprazer.com/xg/XG19504.jpg",True,1,1,True,0,42.9,89.9,47.9,0,0,02/09/2013,02/09/2015,False,False,"T19504.jpg","19504.jpg","19504.jpg","","","","Estados Unidos (USA)","California Exotic","","",0,,1086,"19505,19506,19507,19508",,0,0,,"iframe/19504.html","Bomba para Inflar Bonecas, Bonecos e Outros Artigos Infláveis Inflate-A-Babe Hand Pump,Bomba,bomba de bonecas,bomba de encher,bomba,bomba para inflar,California,california exotic,California exotics",0,0,"",True,False,0,0,0,"","","","","","",""
"A","Acessórios",258223,"2164","Camisa de Força Preta Unisex Straitjacket - Coleção Fetish Fantasy Series",600,"","","http://www.lojadoprazer.com/xg/XG2164.jpg",True,1,1,True,0,64.31,199.9,169.9,0,0,06/01/2014,21/01/2018,False,False,"T2164.jpg","2164.jpg","2164.jpg","","","","Estados Unidos (USA)","Pipedream","","",0,,1104,"2165,2166,2167,2168",,0,0,,"iframe/2164.html","camisa de força,camisa para amarrar,camisa de amarrar os braços,Camisa de Força Preta,Unisex Straitjacket,fetish fantasy series",0,0,"",True,False,0,0,0,"","","","","","",""
"A","Acessórios",257989,"2164","Camisa de Força Preta Unisex Straitjacket - Coleção Fetish Fantasy Series",600,"","","http://www.lojadoprazer.com/xg/XG2164.jpg",True,1,1,True,0,64.31,199.9,169.9,0,0,06/01/2014,21/01/2018,False,False,"T2164.jpg","2164.jpg","2164.jpg","","","","Estados Unidos (USA)","Pipedream","","",0,,1104,"2165,2166,2167,2168",,0,0,,"iframe/2164.html","camisa de força,camisa para amarrar,camisa de amarrar os braços,Camisa de Força Preta,Unisex Straitjacket,fetish fantasy series",0,0,"",True,False,0,0,0,"","","","","","",""
"A","Acessórios",258106,"2164","Camisa de Força Preta Unisex Straitjacket - Coleção Fetish Fantasy Series",600,"","","http://www.lojadoprazer.com/xg/XG2164.jpg",True,1,1,True,0,64.31,199.9,169.9,0,0,06/01/2014,21/01/2018,False,False,"T2164.jpg","2164.jpg","2164.jpg","","","","Estados Unidos (USA)","Pipedream","","",0,,1104,"2165,2166,2167,2168",,0,0,,"iframe/2164.html","camisa de força,camisa para amarrar,camisa de amarrar os braços,Camisa de Força Preta,Unisex Straitjacket,fetish fantasy series",0,0,"",True,False,0,0,0,"","","","","","",""
"A","Acessórios",258103,"2148","Camisa de Força Unisex Straitjacket - Coleção Fetish Fantasy Series",600,"","","http://www.lojadoprazer.com/xg/XG2148.jpg",True,1,1,True,0,64.31,199.9,169.9,0,0,06/01/2014,21/01/2018,False,False,"T2148.jpg","2148.jpg","2148.jpg","","","","Estados Unidos (USA)","Pipedream","","",0,,1104,"2129,2130,2131,2132",,0,0,,"iframe/2148.html","Acessórios sadomasoquistas,acessórios sado,sado,sadomasoquismo,Camisa de Força,fetish fantasy series",0,0,"",True,False,0,0,0,"","","","","","",""
"A","Acessórios",257986,"2148","Camisa de Força Unisex Straitjacket - Coleção Fetish Fantasy Series",600,"","","http://www.lojadoprazer.com/xg/XG2148.jpg",True,1,1,True,0,64.31,199.9,169.9,0,0,06/01/2014,21/01/2018,False,False,"T2148.jpg","2148.jpg","2148.jpg","","","","Estados Unidos (USA)","Pipedream","","",0,,1104,"2129,2130,2131,2132",,0,0,,"iframe/2148.html","Acessórios sadomasoquistas,acessórios sado,sado,sadomasoquismo,Camisa de Força,fetish fantasy series",0,0,"",True,False,0,0,0,"","","","","","",""
"A","Acessórios",258220,"2148","Camisa de Força Unisex Straitjacket - Coleção Fetish Fantasy Series",600,"","","http://www.lojadoprazer.com/xg/XG2148.jpg",True,1,1,True,0,64.31,199.9,169.9,0,0,06/01/2014,21/01/2018,False,False,"T2148.jpg","2148.jpg","2148.jpg","","","","Estados Unidos (USA)","Pipedream","","",0,,1104,"2129,2130,2131,2132",,0,0,,"iframe/2148.html","Acessórios sadomasoquistas,acessórios sado,sado,sadomasoquismo,Camisa de Força,fetish fantasy series",0,0,"",True,False,0,0,0,"","","","","","",""
"A","Acessórios",258268,"11180","Cinta com Compartimento para Prender Pênis e Escroto - Coleção Fetish Fantasy Extreme",620,"","","http://www.lojadoprazer.com/xg/XG11180.jpg",True,1,1,True,0,84.86,297.9,0,0,0,,,False,False,"T11180.jpg","11180.jpg","11180.jpg","","","","Estados Unidos (USA)","Pipedream","","",0,,1104,"11448,11442,11445,13012,13017",,0,0,,"iframe/11180.html","cinto de castidade,algemas,sado,sadimasoquismo,fetiche,fetish fantasy extreme,couro,prendedor,prenser pênis,prender escroto",0,0,"",True,False,0,0,0,"","","","","","",""
"A","Acessórios",258040,"11180","Cinta com Compartimento para Prender Pênis e Escroto - Coleção Fetish Fantasy Extreme",620,"","","http://www.lojadoprazer.com/xg/XG11180.jpg",True,1,1,True,0,84.86,297.9,0,0,0,,,False,False,"T11180.jpg","11180.jpg","11180.jpg","","","","Estados Unidos (USA)","Pipedream","","",0,,1104,"11448,11442,11445,13012,13017",,0,0,,"iframe/11180.html","cinto de castidade,algemas,sado,sadimasoquismo,fetiche,fetish fantasy extreme,couro,prendedor,prenser pênis,prender escroto",0,0,"",True,False,0,0,0,"","","","","","",""
"A","Acessórios",258151,"11180","Cinta com Compartimento para Prender Pênis e Escroto - Coleção Fetish Fantasy Extreme",620,"","","http://www.lojadoprazer.com/xg/XG11180.jpg",True,1,1,True,0,84.86,297.9,0,0,0,,,False,False,"T11180.jpg","11180.jpg","11180.jpg","","","","Estados Unidos (USA)","Pipedream","","",0,,1104,"11448,11442,11445,13012,13017",,0,0,,"iframe/11180.html","cinto de castidade,algemas,sado,sadimasoquismo,fetiche,fetish fantasy extreme,couro,prendedor,prenser pênis,prender escroto",0,0,"",True,False,0,0,0,"","","","","","",""
"A","Acessórios",258115,"12825","Cinta-liga com Algemas e Meias Bondage Garter Belt Set - Coleção Fetish Fantasy Series",500,"","","http://www.lojadoprazer.com/xg/XG12825.jpg",True,1,1,True,0,60.81,214.9,0,0,0,,,False,False,"T12825.jpg","12825.jpg","12825.jpg","","","","Estados Unidos (USA)","Pipedream","","",0,,1104,"12817,12818,12822,12823",,0,0,,"iframe/12825.html","Cinta Liga com Agemas e Meias,Bondage Garter Belt Set,Coleção Fetish Fantasy Series,cinta liga,cinta liga com algemas,cinta liga com meias,kit bondage,kit erótico,sadomasoquismo,kit sado,sado",0,0,"",True,False,0,0,0,"","","","","","",""
"A","Acessórios",258004,"12825","Cinta-liga com Algemas e Meias Bondage Garter Belt Set - Coleção Fetish Fantasy Series",500,"","","http://www.lojadoprazer.com/xg/XG12825.jpg",True,1,1,True,0,60.81,214.9,0,0,0,,,False,False,"T12825.jpg","12825.jpg","12825.jpg","","","","Estados Unidos (USA)","Pipedream","","",0,,1104,"12817,12818,12822,12823",,0,0,,"iframe/12825.html","Cinta Liga com Agemas e Meias,Bondage Garter Belt Set,Coleção Fetish Fantasy Series,cinta liga,cinta liga com algemas,cinta liga com meias,kit bondage,kit erótico,sadomasoquismo,kit sado,sado",0,0,"",True,False,0,0,0,"","","","","","",""
"A","Acessórios",258232,"12825","Cinta-liga com Algemas e Meias Bondage Garter Belt Set - Coleção Fetish Fantasy Series",500,"","","http://www.lojadoprazer.com/xg/XG12825.jpg",True,1,1,True,0,60.81,214.9,0,0,0,,,False,False,"T12825.jpg","12825.jpg","12825.jpg","","","","Estados Unidos (USA)","Pipedream","","",0,,1104,"12817,12818,12822,12823",,0,0,,"iframe/12825.html","Cinta Liga com Agemas e Meias,Bondage Garter Belt Set,Coleção Fetish Fantasy Series,cinta liga,cinta liga com algemas,cinta liga com meias,kit bondage,kit erótico,sadomasoquismo,kit sado,sado",0,0,"",True,False,0,0,0,"","","","","","",""
"A","Acessórios",258253,"11181","Cinto de Castidade com Anel para Escroto Extreme Chastity Belt - Coleção Fetish Fantasy Extreme",400,"","","http://www.lojadoprazer.com/xg/XG11181.jpg",True,1,1,True,0,72.98,249.9,0,0,0,,,False,False,"T11181.jpg","11181.jpg","11181.jpg","","","","Estados Unidos (USA)","Pipedream","","",0,,1104,"11480,400016,11482,11463",,0,0,,"iframe/11181.html","anel peniano,anel peniano de aço,anel para pênis e escroto,anel peniano de metal,anel peniano com cadeado,Cinto de Castidade com Anel para Escroto Extreme Chastity Belt,coleção fetish fantasy extreme",0,0,"",True,False,0,0,0,"","","","","","",""
"A","Acessórios",258025,"11181","Cinto de Castidade com Anel para Escroto Extreme Chastity Belt - Coleção Fetish Fantasy Extreme",400,"","","http://www.lojadoprazer.com/xg/XG11181.jpg",True,1,1,True,0,72.98,249.9,0,0,0,,,False,False,"T11181.jpg","11181.jpg","11181.jpg","","","","Estados Unidos (USA)","Pipedream","","",0,,1104,"11480,400016,11482,11463",,0,0,,"iframe/11181.html","anel peniano,anel peniano de aço,anel para pênis e escroto,anel peniano de metal,anel peniano com cadeado,Cinto de Castidade com Anel para Escroto Extreme Chastity Belt,coleção fetish fantasy extreme",0,0,"",True,False,0,0,0,"","","","","","",""
"A","Acessórios",258136,"11181","Cinto de Castidade com Anel para Escroto Extreme Chastity Belt - Coleção Fetish Fantasy Extreme",400,"","","http://www.lojadoprazer.com/xg/XG11181.jpg",True,1,1,True,0,72.98,249.9,0,0,0,,,False,False,"T11181.jpg","11181.jpg","11181.jpg","","","","Estados Unidos (USA)","Pipedream","","",0,,1104,"11480,400016,11482,11463",,0,0,,"iframe/11181.html","anel peniano,anel peniano de aço,anel para pênis e escroto,anel peniano de metal,anel peniano com cadeado,Cinto de Castidade com Anel para Escroto Extreme Chastity Belt,coleção fetish fantasy extreme",0,0,"",True,False,0,0,0,"","","","","","",""
"A","Acessórios",258142,"11188","Cinto de Castidade Feito de Aço com Anel para Escroto - Coleção Metal Worx",300,"","","http://www.lojadoprazer.com/xg/XG11188.jpg",True,0,1,True,0,84.27,185.9,0,0,0,,,False,False,"T11188.jpg","11188.jpg","11188.jpg","","","","Estados Unidos (USA)","Pipedream","","",1,,1104,"226024,12854,2092,40667",,0,0,,"iframe/11188.html","cinto para castidade,castidade,cinto,prisão,cinto para prender o penis,cinto para prender o pênis,cinto de castidade de aço,cinto de prender,cinto de aço
",0,0,"",True,False,0,0,0,"","","","","","",""
"A","Acessórios",258031,"11188","Cinto de Castidade Feito de Aço com Anel para Escroto - Coleção Metal Worx",300,"","","http://www.lojadoprazer.com/xg/XG11188.jpg",True,0,1,True,0,84.27,185.9,190,0,0,,,False,False,"T11188.jpg","11188.jpg","11188.jpg","","","","Estados Unidos (USA)","Pipedream","","",1,,0,"226024,12854,2092,40667",,0,0,,"iframe/11188.html","cinto para castidade,castidade,cinto,prisão,cinto para prender o penis,cinto para prender o pênis,cinto de castidade de aço,cinto de prender,cinto de aço
",0,0,"",True,False,0,0,0,"","","","","","",""
"A","Acessórios",258259,"11188","Cinto de Castidade Feito de Aço com Anel para Escroto - Coleção Metal Worx",300,"","","http://www.lojadoprazer.com/xg/XG11188.jpg",True,1,1,True,0,84.27,185.9,0,0,0,,,False,False,"T11188.jpg","11188.jpg","11188.jpg","","","","Estados Unidos (USA)","Pipedream","","",1,,1104,"226024,12854,2092,40667",,0,0,,"iframe/11188.html","cinto para castidade,castidade,cinto,prisão,cinto para prender o penis,cinto para prender o pênis,cinto de castidade de aço,cinto de prender,cinto de aço
",0,0,"",True,False,0,0,0,"","","","","","",""
"A","Acessórios",258250,"12854","Cinto de Castidade The Prisoner - Coleção Fetish Fantasy Extreme",300,"","","http://www.lojadoprazer.com/xg/XG12854.jpg",True,1,1,True,0,50.09,149.9,99.9,0,0,26/01/2015,26/01/2018,False,False,"T12854.jpg","12854.jpg","12854.jpg","","","","Estados Unidos (USA)","Pipedream","","",1,,1104,"226031,400024,12846,400007",,0,0,,"iframe/12854.html","Cinto de Castidade The Prisoner,Fetish Fantasy Extreme,cinto para castidade,castidade,cinto,prisão,cinto para prender o penis,cinto para prender o pênis
",0,0,"",True,False,0,0,0,"","","","","","",""
"A","Acessórios",258019,"12854","Cinto de Castidade The Prisoner - Coleção Fetish Fantasy Extreme",300,"","","http://www.lojadoprazer.com/xg/XG12854.jpg",True,0,1,True,0,50.09,149.9,99.9,0,0,26/01/2015,26/01/2018,False,False,"T12854.jpg","12854.jpg","12854.jpg","","","","Estados Unidos (USA)","Pipedream","","",1,,1104,"226031,400024,12846,400007",,0,0,,"iframe/12854.html","Cinto de Castidade The Prisoner,Fetish Fantasy Extreme,cinto para castidade,castidade,cinto,prisão,cinto para prender o penis,cinto para prender o pênis
",0,0,"",True,False,0,0,0,"","","","","","",""
"A","Acessórios",258127,"12854","Cinto de Castidade The Prisoner - Coleção Fetish Fantasy Extreme",300,"","","http://www.lojadoprazer.com/xg/XG12854.jpg",True,0,1,True,0,50.09,149.9,99.9,0,0,26/01/2015,26/01/2018,False,False,"T12854.jpg","12854.jpg","12854.jpg","","","","Estados Unidos (USA)","Pipedream","","",1,,1104,"226031,400024,12846,400007",,0,0,,"iframe/12854.html","Cinto de Castidade The Prisoner,Fetish Fantasy Extreme,cinto para castidade,castidade,cinto,prisão,cinto para prender o penis,cinto para prender o pênis
",0,0,"",True,False,0,0,0,"","","","","","",""
"A","Acessórios",258109,"2183","Colete com Algemas Bondage Vest - Coleção Fetish Fantasy Series",600,"","","http://www.lojadoprazer.com/xg/XG2183.jpg",True,1,1,True,0,55.12,329.9,0,0,0,,,False,False,"T2183.jpg","2183.jpg","2183.jpg","","","","Estados Unidos (USA)","Pipedream","","",0,,1104,"2184,2185,2186,2187",,0,0,,"iframe/2183.html","colete com algemas,colete sado,colete sadomasoquismo,colete para sado,Bondage Vest,fetish fantasy series",0,0,"",True,False,0,0,0,"","","","","","",""
"A","Acessórios",257992,"2183","Colete com Algemas Bondage Vest - Coleção Fetish Fantasy Series",600,"","","http://www.lojadoprazer.com/xg/XG2183.jpg",True,1,1,True,0,55.12,329.9,0,0,0,,,False,False,"T2183.jpg","2183.jpg","2183.jpg","","","","Estados Unidos (USA)","Pipedream","","",0,,1104,"2184,2185,2186,2187",,0,0,,"iframe/2183.html","colete com algemas,colete sado,colete sadomasoquismo,colete para sado,Bondage Vest,fetish fantasy series",0,0,"",True,False,0,0,0,"","","","","","",""
"A","Acessórios",258226,"2183","Colete com Algemas Bondage Vest - Coleção Fetish Fantasy Series",600,"","","http://www.lojadoprazer.com/xg/XG2183.jpg",True,1,1,True,0,55.12,329.9,0,0,0,,,False,False,"T2183.jpg","2183.jpg","2183.jpg","","","","Estados Unidos (USA)","Pipedream","","",0,,1104,"2184,2185,2186,2187",,0,0,,"iframe/2183.html","colete com algemas,colete sado,colete sadomasoquismo,colete para sado,Bondage Vest,fetish fantasy series",0,0,"",True,False,0,0,0,"","","","","","",""
"A","Acessórios",258256,"2050","Colete com Algemas Fantasy Harness - Coleção Fetish Fantasy Series",400,"","","http://www.lojadoprazer.com/xg/XG2050.jpg",True,1,1,True,0,52.67,184.9,0,0,0,,,False,False,"T2050.jpg","2050.jpg","2050.jpg","","","","Estados Unidos (USA)","Pipedream","","",0,,1104,"39979,40663,11129,12859",,0,0,,"iframe/2050.html","colete com algemas,colete sado,colete sadomasoquismo,colete para sado,sado,sadomasoquismo,coleção fetish fantasy series,colete e algema,acessório",0,0,"",True,False,0,0,0,"","","","","","",""
"A","Acessórios",258028,"2050","Colete com Algemas Fantasy Harness - Coleção Fetish Fantasy Series",400,"","","http://www.lojadoprazer.com/xg/XG2050.jpg",True,1,1,True,0,52.67,184.9,0,0,0,,,False,False,"T2050.jpg","2050.jpg","2050.jpg","","","","Estados Unidos (USA)","Pipedream","","",0,,1104,"39979,40663,11129,12859",,0,0,,"iframe/2050.html","colete com algemas,colete sado,colete sadomasoquismo,colete para sado,sado,sadomasoquismo,coleção fetish fantasy series,colete e algema,acessório",0,0,"",True,False,0,0,0,"","","","","","",""
"A","Acessórios",258139,"2050","Colete com Algemas Fantasy Harness - Coleção Fetish Fantasy Series",400,"","","http://www.lojadoprazer.com/xg/XG2050.jpg",True,1,1,True,0,52.67,184.9,0,0,0,,,False,False,"T2050.jpg","2050.jpg","2050.jpg","","","","Estados Unidos (USA)","Pipedream","","",0,,1104,"39979,40663,11129,12859",,0,0,,"iframe/2050.html","colete com algemas,colete sado,colete sadomasoquismo,colete para sado,sado,sadomasoquismo,coleção fetish fantasy series,colete e algema,acessório",0,0,"",True,False,0,0,0,"","","","","","",""
"A","Acessórios",258121,"400015","Corda Bondage Rope - Coleção Fetish Fantasy Series",300,"","","http://www.lojadoprazer.com/xg/XG400015.jpg",True,0,1,True,0,13.49,59.9,0,0,0,,,False,False,"T400015.jpg","400015.jpg","400015.jpg","","","","Estados Unidos (USA)","Pipedream","","",0,,1104,"400016,400017,400013,400014",,0,0,,"iframe/400015.html","bondage rope,fetish fantasy series,corda,corda bondage,corda de sado,corda sadomasoquismo,sado,sadomasoquismo,",0,0,"",True,False,0,0,0,"","","","","","",""
"A","Acessórios",258010,"400015","Corda Bondage Rope - Coleção Fetish Fantasy Series",300,"","","http://www.lojadoprazer.com/xg/XG400015.jpg",True,1,1,True,0,13.49,59.9,0,0,0,,,False,False,"T400015.jpg","400015.jpg","400015.jpg","","","","Estados Unidos (USA)","Pipedream","","",0,,1104,"400016,400017,400013,400014",,0,0,,"iframe/400015.html","bondage rope,fetish fantasy series,corda,corda bondage,corda de sado,corda sadomasoquismo,sado,sadomasoquismo,",0,0,"",True,False,0,0,0,"","","","","","",""
"A","Acessórios",258238,"400015","Corda Bondage Rope - Coleção Fetish Fantasy Series",300,"","","http://www.lojadoprazer.com/xg/XG400015.jpg",True,1,1,True,0,13.49,59.9,0,0,0,,,False,False,"T400015.jpg","400015.jpg","400015.jpg","","","","Estados Unidos (USA)","Pipedream","","",0,,1104,"400016,400017,400013,400014",,0,0,,"iframe/400015.html","bondage rope,fetish fantasy series,corda,corda bondage,corda de sado,corda sadomasoquismo,sado,sadomasoquismo,",0,0,"",True,False,0,0,0,"","","","","","",""
"A","Acessórios",258229,"12815","Corda de Silicone Fetish Fantasy Elite 20 Fantasy Bondage Rope",500,"","","http://www.lojadoprazer.com/xg/XG12815.jpg",True,1,1,True,0,33.72,119.9,0,0,0,,,False,False,"T12815.jpg","I12815.jpg","G12815.jpg","","","","Estados Unidos (USA)","Pipedream","","",0,,1104,"12816,12817,12818,12819",,0,0,,"iframe/12815.html","Corda de Silicone 20`Fantasy Bondage Rope Coleção Fetish Fantasy Elite,Corda de Silicone,20`Fantasy Bondage Rope,Coleção Fetish Fantasy Elite,corda,sadomasoquismo,fetiche,sado,corda para amarrar",0,0,"",True,False,0,0,0,"","","","","","",""
"A","Acessórios",258001,"12815","Corda de Silicone Fetish Fantasy Elite 20 Fantasy Bondage Rope",500,"","","http://www.lojadoprazer.com/xg/XG12815.jpg",True,1,1,True,0,33.72,119.9,0,0,0,,,False,False,"T12815.jpg","I12815.jpg","G12815.jpg","","","","Estados Unidos (USA)","Pipedream","","",0,,1104,"12816,12817,12818,12819",,0,0,,"iframe/12815.html","Corda de Silicone 20`Fantasy Bondage Rope Coleção Fetish Fantasy Elite,Corda de Silicone,20`Fantasy Bondage Rope,Coleção Fetish Fantasy Elite,corda,sadomasoquismo,fetiche,sado,corda para amarrar",0,0,"",True,False,0,0,0,"","","","","","",""
"A","Acessórios",258112,"12815","Corda de Silicone Fetish Fantasy Elite 20 Fantasy Bondage Rope",500,"","","http://www.lojadoprazer.com/xg/XG12815.jpg",True,1,1,True,0,33.72,119.9,0,0,0,,,False,False,"T12815.jpg","I12815.jpg","G12815.jpg","","","","Estados Unidos (USA)","Pipedream","","",0,,1104,"12816,12817,12818,12819",,0,0,,"iframe/12815.html","Corda de Silicone 20`Fantasy Bondage Rope Coleção Fetish Fantasy Elite,Corda de Silicone,20`Fantasy Bondage Rope,Coleção Fetish Fantasy Elite,corda,sadomasoquismo,fetiche,sado,corda para amarrar",0,0,"",True,False,0,0,0,"","","","","","",""
"A","Acessórios",258124,"2090","Corda para Amarrar Japanese Silk Rope - Coleção Fetish Fantasy Series",400,"","","http://www.lojadoprazer.com/xg/XG2090.jpg",True,1,1,True,0,39.9,79.9,0,0,0,,,False,False,"T2090.jpg","2090.jpg","2090.jpg","","","","Estados Unidos (USA)","Pipedream","","",0,,1104,"400015,12815,2073,400029",,0,0,,"iframe/2090.html","Corda para Amarrar Japanese Silk Rope,Coleção Fetish Fantasy Series,bondage rope,corda,corda bondage,corda de sado,corda sadomasoquismo,sado,sadomasoquismo",0,0,"",True,False,0,0,0,"","","","","","",""
"A","Acessórios",258013,"2090","Corda para Amarrar Japanese Silk Rope - Coleção Fetish Fantasy Series",400,"","","http://www.lojadoprazer.com/xg/XG2090.jpg",True,1,1,True,0,39.9,79.9,0,0,0,,,False,False,"T2090.jpg","2090.jpg","2090.jpg","","","","Estados Unidos (USA)","Pipedream","","",0,,1104,"400015,12815,2073,400029",,0,0,,"iframe/2090.html","Corda para Amarrar Japanese Silk Rope,Coleção Fetish Fantasy Series,bondage rope,corda,corda bondage,corda de sado,corda sadomasoquismo,sado,sadomasoquismo",0,0,"",True,False,0,0,0,"","","","","","",""
"A","Acessórios",258241,"2090","Corda para Amarrar Japanese Silk Rope - Coleção Fetish Fantasy Series",400,"","","http://www.lojadoprazer.com/xg/XG2090.jpg",True,1,1,True,0,39.9,79.9,0,0,0,,,False,False,"T2090.jpg","2090.jpg","2090.jpg","","","","Estados Unidos (USA)","Pipedream","","",0,,1104,"400015,12815,2073,400029",,0,0,,"iframe/2090.html","Corda para Amarrar Japanese Silk Rope,Coleção Fetish Fantasy Series,bondage rope,corda,corda bondage,corda de sado,corda sadomasoquismo,sado,sadomasoquismo",0,0,"",True,False,0,0,0,"","","","","","",""
"A","Acessórios",258217,"226024","Fio Dental Masculino Jockstrap - Coleção Fetiche Playgirl",400,"","","http://www.lojadoprazer.com/xg/XG226024.jpg",True,1,1,True,0,11.81,34.9,0,0,0,,,False,False,"T226024.jpg","226024.jpg","226024.jpg","","","","Brasil","","","",1,,1104,"226025,226026,226027,226028",,0,0,,"iframe/226024.html","Fio Dental Masculino,Jockstrap,Acessórios sadomasoquistas,acessórios sado,sado,sadomasoquismo,fetish playgirl",0,0,"",True,False,0,0,0,"","","","","","",""
"A","Acessórios",257983,"226024","Fio Dental Masculino Jockstrap - Coleção Fetiche Playgirl",400,"","","http://www.lojadoprazer.com/xg/XG226024.jpg",True,1,1,True,0,11.81,34.9,0,0,0,,,False,False,"T226024.jpg","226024.jpg","226024.jpg","","","","Brasil","","","",1,,1104,"226025,226026,226027,226028",,0,0,,"iframe/226024.html","Fio Dental Masculino,Jockstrap,Acessórios sadomasoquistas,acessórios sado,sado,sadomasoquismo,fetish playgirl",0,0,"",True,False,0,0,0,"","","","","","",""
"A","Acessórios",258100,"226024","Fio Dental Masculino Jockstrap - Coleção Fetiche Playgirl",400,"","","http://www.lojadoprazer.com/xg/XG226024.jpg",True,1,1,True,0,11.81,34.9,0,0,0,,,False,False,"T226024.jpg","226024.jpg","226024.jpg","","","","Brasil","","","",1,,1104,"226025,226026,226027,226028",,0,0,,"iframe/226024.html","Fio Dental Masculino,Jockstrap,Acessórios sadomasoquistas,acessórios sado,sado,sadomasoquismo,fetish playgirl",0,0,"",True,False,0,0,0,"","","","","","",""
"A","Acessórios",258130,"400029","Fita Bondage Tape - Coleção Fetish Fantasy Series",100,"","","http://www.lojadoprazer.com/xg/XG400029.jpg",True,1,1,True,0,7.71,34.9,24.9,0,0,05/01/2014,21/01/2017,False,False,"T400029.jpg","400029.jpg","400029.jpg","","","","Estados Unidos (USA)","Pipedream","","",0,,1104,"12870,400001,400003,400023",,0,0,,"iframe/400029.html","Fita Bondage Tape,Coleção Fetish Fantasy Series,algema de fita,algema,algemas,fita adesiva,fita sem cola,fita sexy,fita de amarrar,fita de prender,fita para prender,fitas,pipedream",0,0,"",True,False,0,0,0,"","","","","","",""
"A","Acessórios",258016,"400029","Fita Bondage Tape - Coleção Fetish Fantasy Series",100,"","","http://www.lojadoprazer.com/xg/XG400029.jpg",True,1,1,True,0,7.71,34.9,24.9,0,0,05/01/2014,21/01/2017,False,False,"T400029.jpg","400029.jpg","400029.jpg","","","","Estados Unidos (USA)","Pipedream","","",0,,1104,"12870,400001,400003,400023",,0,0,,"iframe/400029.html","Fita Bondage Tape,Coleção Fetish Fantasy Series,algema de fita,algema,algemas,fita adesiva,fita sem cola,fita sexy,fita de amarrar,fita de prender,fita para prender,fitas,pipedream",0,0,"",True,False,0,0,0,"","","","","","",""
"A","Acessórios",258244,"400029","Fita Bondage Tape - Coleção Fetish Fantasy Series",100,"","","http://www.lojadoprazer.com/xg/XG400029.jpg",True,1,1,True,0,7.71,34.9,24.9,0,0,05/01/2014,21/01/2017,False,False,"T400029.jpg","400029.jpg","400029.jpg","","","","Estados Unidos (USA)","Pipedream","","",0,,1104,"12870,400001,400003,400023",,0,0,,"iframe/400029.html","Fita Bondage Tape,Coleção Fetish Fantasy Series,algema de fita,algema,algemas,fita adesiva,fita sem cola,fita sexy,fita de amarrar,fita de prender,fita para prender,fitas,pipedream",0,0,"",True,False,0,0,0,"","","","","","",""
"A","Acessórios",258211,"2100","Inflatable Bondage Ball - Coleção Fetish Fantasy Series",400,"","","http://www.lojadoprazer.com/xg/XG2100.jpg",True,1,1,True,0,171.6,360,249.9,0,0,05/01/2014,21/01/2017,False,False,"T2100.jpg","2100.jpg","2100.jpg","","","","Estados Unidos (USA)","Pipedream","","",0,,1104,"2101,21102,2103,2104",,0,0,,"iframe/2100.html","Acessórios sadomasoquistas,acessórios sado,sado,sadomasoquismo,poltrona inflável,infatable bondage ball,fetish fantasy series",0,0,"",True,True,0,0,0,"","","","","","",""
"A","Acessórios",257977,"2100","Inflatable Bondage Ball - Coleção Fetish Fantasy Series",400,"","","http://www.lojadoprazer.com/xg/XG2100.jpg",True,1,1,True,0,171.6,360,249.9,0,0,05/01/2014,21/01/2017,False,False,"T2100.jpg","2100.jpg","2100.jpg","","","","Estados Unidos (USA)","Pipedream","","",0,,1104,"2101,21102,2103,2104",,0,0,,"iframe/2100.html","Acessórios sadomasoquistas,acessórios sado,sado,sadomasoquismo,poltrona inflável,infatable bondage ball,fetish fantasy series",0,0,"",True,True,0,0,0,"","","","","","",""
"A","Acessórios",258094,"2100","Inflatable Bondage Ball - Coleção Fetish Fantasy Series",400,"","","http://www.lojadoprazer.com/xg/XG2100.jpg",True,1,1,True,0,171.6,360,249.9,0,0,05/01/2014,21/01/2017,False,False,"T2100.jpg","2100.jpg","2100.jpg","","","","Estados Unidos (USA)","Pipedream","","",0,,1104,"2101,21102,2103,2104",,0,0,,"iframe/2100.html","Acessórios sadomasoquistas,acessórios sado,sado,sadomasoquismo,poltrona inflável,infatable bondage ball,fetish fantasy series",0,0,"",True,True,0,0,0,"","","","","","",""
"A","Acessórios",258082,"2073","Inflatable Hot Seat - Coleção Fetish Fantasy Series",1500,"","","",False,1,1,True,0,59.72,239.9,199.9,0,0,05/01/2014,21/01/2017,False,False,"T2073.jpg","2073.jpg","2073.jpg","","","","Estados Unidos (USA)","Pipedream","","",0,,1098,"2071,2072,2073,2074",,0,0,,"iframe/2073.html","Acessórios sadomasoquistas,acessórios sado,sado,sadomasoquismo,poltrona inflável,Inflatable Hot Seat,poltrona com pênis,fetish fantasy series,infatable hot seat",0,0,"",True,False,0,0,0,"","","","","","",""
"A","Acessórios",257965,"2073","Inflatable Hot Seat - Coleção Fetish Fantasy Series",1500,"","","",False,1,1,True,0,59.72,239.9,199.9,0,0,05/01/2014,21/01/2017,False,False,"T2073.jpg","2073.jpg","2073.jpg","","","","Estados Unidos (USA)","Pipedream","","",0,,1098,"2071,2072,2073,2074",,0,0,,"iframe/2073.html","Acessórios sadomasoquistas,acessórios sado,sado,sadomasoquismo,poltrona inflável,Inflatable Hot Seat,poltrona com pênis,fetish fantasy series,infatable hot seat",0,0,"",True,False,0,0,0,"","","","","","",""
"A","Acessórios",258199,"2073","Inflatable Hot Seat - Coleção Fetish Fantasy Series",1500,"","","",False,1,1,True,0,59.72,239.9,199.9,0,0,05/01/2014,21/01/2017,False,False,"T2073.jpg","2073.jpg","2073.jpg","","","","Estados Unidos (USA)","Pipedream","","",0,,1098,"2071,2072,2073,2074",,0,0,,"iframe/2073.html","Acessórios sadomasoquistas,acessórios sado,sado,sadomasoquismo,poltrona inflável,Inflatable Hot Seat,poltrona com pênis,fetish fantasy series,infatable hot seat",0,0,"",True,False,0,0,0,"","","","","","",""
"A","Acessórios",258202,"2008","Inflatable Love Lounger - Coleção Fetish Fantasy Series",5700,"","","http://www.lojadoprazer.com/xg/XG2008.jpg",True,0,1,True,0,530.15,1899,1060.9,0,0,10/04/2015,10/04/2018,False,False,"T2008.jpg","2008.jpg","2008.jpg","","","","Estados Unidos (USA)","Pipedream","","",1,,1104,"2007,2006,2005,2004",,0,0,,"iframe/2008.html","Acessórios sadomasoquistas,acessórios sado,sado,sadomasoquismo,poltrona inflável,Inflatable Love Lounger,poltrona inflável com pênis",0,0,"",True,False,0,0,0,"","","","","","",""
"A","Acessórios",257968,"2008","Inflatable Love Lounger - Coleção Fetish Fantasy Series",5700,"","","http://www.lojadoprazer.com/xg/XG2008.jpg",True,1,1,True,0,530.15,1899,1060.9,0,0,10/04/2015,10/04/2018,False,False,"T2008.jpg","2008.jpg","2008.jpg","","","","Estados Unidos (USA)","Pipedream","","",1,,1104,"2007,2006,2005,2004",,0,0,,"iframe/2008.html","Acessórios sadomasoquistas,acessórios sado,sado,sadomasoquismo,poltrona inflável,Inflatable Love Lounger,poltrona inflável com pênis",0,0,"",True,False,0,0,0,"","","","","","",""
"A","Acessórios",258085,"2008","Inflatable Love Lounger - Coleção Fetish Fantasy Series",5700,"","","http://www.lojadoprazer.com/xg/XG2008.jpg",True,1,1,True,0,530.15,1899,1060.9,0,0,10/04/2015,10/04/2018,False,False,"T2008.jpg","2008.jpg","2008.jpg","","","","Estados Unidos (USA)","Pipedream","","",1,,1104,"2007,2006,2005,2004",,0,0,,"iframe/2008.html","Acessórios sadomasoquistas,acessórios sado,sado,sadomasoquismo,poltrona inflável,Inflatable Love Lounger,poltrona inflável com pênis",0,0,"",True,False,0,0,0,"","","","","","",""
"A","Acessórios",258046,"999999","iPhone 6 - 64gb Dourado",0,"","","",False,1,1,True,0,0,0,0,0,0,,,False,False,"999999.jpg","999999.jpg","999999.jpg","","","","","","","",0,,1089,"",,0,0,,"","",0,0,"",True,False,0,0,0,"","","","","","",""
"A","Acessórios",258193,"999999","iPhone 6 - 64gb Dourado",0,"","","",False,1,1,True,0,0,0,0,0,0,,,False,False,"999999.jpg","999999.jpg","999999.jpg","","","","","","","",0,,1089,"",,0,0,,"","",0,0,"",True,False,0,0,0,"","","","","","",""
"A","Acessórios",258310,"999999","iPhone 6 - 64gb Dourado",0,"","","",False,1,1,True,0,0,0,0,0,0,,,False,False,"999999.jpg","999999.jpg","999999.jpg","","","","","","","",0,,1089,"",,0,0,,"","",0,0,"",True,False,0,0,0,"","","","","","",""
"A","Acessórios",258205,"12822","Kit Bondage para a Porta Door Restraint Set - Coleção Fetish Fantasy Series",700,"","","http://www.lojadoprazer.com/xg/XG12822.jpg",True,1,1,True,0,0,143.9,0,0,0,,,False,False,"T12822.jpg","I12822.jpg","G12822.jpg","","","","Estados Unidos (USA)","Pipedream","","",0,,1104,"12821,12820,12819,12817",,0,0,,"iframe/12822.html","Kit Bondage para a Porta Door Restraint Set Coleção Fetish Fantasy Series,sadomasoquismo,kit sado,kit bondage,fetiche,kit erótico,sado,kit sadomasoquismo,kit bondage,kit casal",0,0,"",True,False,0,0,0,"","","","","","",""
"A","Acessórios",257971,"12822","Kit Bondage para a Porta Door Restraint Set - Coleção Fetish Fantasy Series",700,"","","http://www.lojadoprazer.com/xg/XG12822.jpg",True,1,1,True,0,0,143.9,0,0,0,,,False,False,"T12822.jpg","I12822.jpg","G12822.jpg","","","","Estados Unidos (USA)","Pipedream","","",0,,1104,"12821,12820,12819,12817",,0,0,,"iframe/12822.html","Kit Bondage para a Porta Door Restraint Set Coleção Fetish Fantasy Series,sadomasoquismo,kit sado,kit bondage,fetiche,kit erótico,sado,kit sadomasoquismo,kit bondage,kit casal",0,0,"",True,False,0,0,0,"","","","","","",""
"A","Acessórios",258088,"12822","Kit Bondage para a Porta Door Restraint Set - Coleção Fetish Fantasy Series",700,"","","http://www.lojadoprazer.com/xg/XG12822.jpg",True,1,1,True,0,0,143.9,0,0,0,,,False,False,"T12822.jpg","I12822.jpg","G12822.jpg","","","","Estados Unidos (USA)","Pipedream","","",0,,1104,"12821,12820,12819,12817",,0,0,,"iframe/12822.html","Kit Bondage para a Porta Door Restraint Set Coleção Fetish Fantasy Series,sadomasoquismo,kit sado,kit bondage,fetiche,kit erótico,sado,kit sadomasoquismo,kit bondage,kit casal",0,0,"",True,False,0,0,0,"","","","","","",""
"A","Acessórios",258118,"11221","Kit Cinquenta Formas de Amar",300,"","","http://www.lojadoprazer.com/xg/XG11221.jpg",True,1,1,True,0,40.41,133.9,0,0,0,,,False,False,"T11221.jpg","11221.jpg","11221.jpg","","","","","","","",1,,1093,"226073,226074,226075,226111",,0,0,,"iframe/11221.html","Kit Cinquenta Formas de Amar,kit erótico,kits,kit sensual,cinquentas formas de amar,sadomasoquismo,sado,sadomasoquista,kit sado",0,0,"",True,False,0,0,0,"","","","","","",""
"A","Acessórios",258007,"11221","Kit Cinquenta Formas de Amar",300,"","","http://www.lojadoprazer.com/xg/XG11221.jpg",True,1,1,True,0,40.41,133.9,0,0,0,,,False,False,"T11221.jpg","11221.jpg","11221.jpg","","","","","","","",1,,1093,"226073,226074,226075,226111",,0,0,,"iframe/11221.html","Kit Cinquenta Formas de Amar,kit erótico,kits,kit sensual,cinquentas formas de amar,sadomasoquismo,sado,sadomasoquista,kit sado",0,0,"",True,False,0,0,0,"","","","","","",""
"A","Acessórios",258235,"11221","Kit Cinquenta Formas de Amar",300,"","","http://www.lojadoprazer.com/xg/XG11221.jpg",True,1,1,True,0,40.41,133.9,0,0,0,,,False,False,"T11221.jpg","11221.jpg","11221.jpg","","","","","","","",1,,1093,"226073,226074,226075,226111",,0,0,,"iframe/11221.html","Kit Cinquenta Formas de Amar,kit erótico,kits,kit sensual,cinquentas formas de amar,sadomasoquismo,sado,sadomasoquista,kit sado",0,0,"",True,False,0,0,0,"","","","","","",""
"A","Acessórios",258286,"226082","Luvas de Cirré Submission",65,"","","http://www.lojadoprazer.com/xg/XG226082.jpg",True,1,1,True,0,12.5,37.9,0,0,0,,,False,False,"T226082.jpg","226082.jpg","226082.jpg","","","","","","","",15,,1104,"226092,226093,226094,226095,226096",,0,0,,"iframe/226082.html","submission,sado,sadomasoquismo",0,0,"",True,False,0,0,0,"","","","","","",""
"A","Acessórios",258055,"226082","Luvas de Cirré Submission",65,"","","http://www.lojadoprazer.com/xg/XG226082.jpg",True,0,1,True,0,12.5,37.9,0,0,0,,,False,False,"produto-teste-02.jpg","produto-teste-02.jpg","produto-teste-02.jpg","","","","","","","",15,,0,"226092,226093,226094,226095,226096",,0,0,,"iframe/226082.html","submission,sado,sadomasoquismo",0,0,"",True,False,0,0,0,"","","","","","",""
"A","Acessórios",258172,"226082","Luvas de Cirré Submission",65,"","","http://www.lojadoprazer.com/xg/XG226082.jpg",True,1,1,True,0,12.5,37.9,0,0,0,,,False,False,"T226082.jpg","226082.jpg","226082.jpg","","","","","","","",15,,1104,"226092,226093,226094,226095,226096",,0,0,,"iframe/226082.html","submission,sado,sadomasoquismo",0,0,"",True,False,0,0,0,"","","","","","",""
"A","Acessórios",258070,"226090","Máscara de Vinil Submission",50,"","","http://www.lojadoprazer.com/xg/XG226090.jpg",True,0,1,True,0,10,29.9,0,0,0,,,False,False,"T226090.jpg","226090.jpg","226090.jpg","","","","","","","",15,,1104,"226077,226078,226079,226080,226081",,0,0,,"iframe/226090.html","submission,sado,sadomasoquismo",0,0,"",True,False,0,0,0,"","","","","","",""
"A","Acessórios",258295,"226090","Máscara de Vinil Submission",50,"","","http://www.lojadoprazer.com/xg/XG226090.jpg",True,499,300,True,0,10,999.95,855.39,0,0,15/05/2017,31/05/2018,False,False,"imagem-produto-teste.jpg","imagem-produto-teste.jpg","imagem-produto-teste.jpg","","","","","","","",15,,0,"226077,226078,226079,226080,226081",,0,0,,"iframe/226090.html","submission,sado,sadomasoquismo",0,0,"",True,False,0,0,0,"","","","","","",""
"A","Acessórios",258178,"226090","Máscara de Vinil Submission",50,"","","http://www.lojadoprazer.com/xg/XG226090.jpg",True,1,1,True,0,10,29.9,0,0,0,,,False,False,"T226090.jpg","226090.jpg","226090.jpg","","","","","","","",15,,1104,"226077,226078,226079,226080,226081",,0,0,,"iframe/226090.html","submission,sado,sadomasoquismo",0,0,"",True,False,0,0,0,"","","","","","",""
"A","Acessórios",258283,"226094","Palmatória de Couro com Esferas de Metal Submission",135,"","","http://www.lojadoprazer.com/xg/XG226094.jpg",True,1,1,True,0,20.25,59.9,0,0,0,,,False,False,"T226094.jpg","226094.jpg","226094.jpg","","","","","","","",15,,1104,"226077,226078,226079,226080,226081",,0,0,,"iframe/226094.html","submission,sado,sadomasoquismo",0,0,"",True,False,0,0,0,"","","","","","",""
"A","Acessórios",258157,"226094","Palmatória de Couro com Esferas de Metal Submission",135,"","","http://www.lojadoprazer.com/xg/XG226094.jpg",True,1,1,True,0,20.25,59.9,0,0,0,,,False,False,"T226094.jpg","226094.jpg","226094.jpg","","","","","","","",15,,1104,"226077,226078,226079,226080,226081",,0,0,,"iframe/226094.html","submission,sado,sadomasoquismo",0,0,"",True,False,0,0,0,"","","","","","",""
"A","Acessórios",258052,"226094","Palmatória de Couro com Esferas de Metal Submission",135,"","","http://www.lojadoprazer.com/xg/XG226094.jpg",True,0,1,True,0,20.25,59.9,0,0,0,,,False,False,"T226094.jpg","226094.jpg","226094.jpg","","","","","","","",15,,1104,"226077,226078,226079,226080,226081",,0,0,,"iframe/226094.html","submission,sado,sadomasoquismo",0,0,"",True,False,0,0,0,"","","","","","",""
"A","Acessórios",258079,"12778","Palmatória Luxury Fetish - Coleção Aphrodisia",125,"","","http://www.lojadoprazer.com/xg/XG12778.jpg",True,500,50,True,0,18.54,999.99,899.9,0,0,24/04/2017,30/04/2020,False,False,"imgProd.jpg","imgProd.jpg","imgProd.jpg","","","","","","","",1,,0,"13503,13567,39580,39840,2521",,0,0,,"iframe/12778.html","sado,sadomasoquismo,prender,fetiche,Aphrodisia,castigo,mão",10,5,"",True,False,0,0,0,"","","","","","",""
"A","Acessórios",258133,"2092","Par de Luvas Shock Therapy com Controle Remoto Luv Gloves - Coleção Fetish Fantasy Series",200,"","","http://www.lojadoprazer.com/xg/XG2092.jpg",True,0,1,True,0,77.06,249.9,87.45,0,0,31/07/2015 08:00:00,31/07/2020,False,False,"T2092.jpg","2092.jpg","2092.jpg","","","","Estados Unidos (USA)","Pipedream","","",1,,1104,"11181,11482,400023,400012",,0,0,,"iframe/2092.html","Par de Luvas que dá Choque Shock Therapy Luv Gloves,Coleção Fetish Fantasy Series,luvas de chuque,sadomasoquismo,sado,fetiche sado,terapia de choque,comprazer03,PromoPipe15
",0,0,"",True,False,0,0,0,"","","","","","",""
"A","Acessórios",258022,"2092","Par de Luvas Shock Therapy com Controle Remoto Luv Gloves - Coleção Fetish Fantasy Series",200,"","","http://www.lojadoprazer.com/xg/XG2092.jpg",True,1,1,True,0,77.06,249.9,87.45,0,0,31/07/2015 08:00:00,31/07/2020,False,False,"T2092.jpg","2092.jpg","2092.jpg","","","","Estados Unidos (USA)","Pipedream","","",1,,1104,"11181,11482,400023,400012",,0,0,,"iframe/2092.html","Par de Luvas que dá Choque Shock Therapy Luv Gloves,Coleção Fetish Fantasy Series,luvas de chuque,sadomasoquismo,sado,fetiche sado,terapia de choque,comprazer03,PromoPipe15
",0,0,"",True,False,0,0,0,"","","","","","",""
"A","Acessórios",258247,"2092","Par de Luvas Shock Therapy com Controle Remoto Luv Gloves - Coleção Fetish Fantasy Series",200,"","","http://www.lojadoprazer.com/xg/XG2092.jpg",True,0,1,True,0,77.06,249.9,87.45,0,0,31/07/2015 08:00:00,31/07/2020,False,False,"T2092.jpg","2092.jpg","2092.jpg","","","","Estados Unidos (USA)","Pipedream","","",1,,1104,"11181,11482,400023,400012",,0,0,,"iframe/2092.html","Par de Luvas que dá Choque Shock Therapy Luv Gloves,Coleção Fetish Fantasy Series,luvas de chuque,sadomasoquismo,sado,fetiche sado,terapia de choque,comprazer03,PromoPipe15
",0,0,"",True,False,0,0,0,"","","","","","",""
"A","Acessórios",258214,"2082","Poltrona Inflável com Amarras Inflatable Bondage Chair - Coleção Fetish Fantasy Series",500,"","","http://www.lojadoprazer.com/xg/XG2082.jpg",True,1,1,True,0,99,249.9,0,0,0,,,False,False,"T2082.jpg","2082.jpg","2082.jpg","","","","Estados Unidos (EUA)","Pipedream","","",0,,1104,"2083,2084,2085,2086",,0,0,,"iframe/2082.html","Acessórios sadomasoquistas,acessórios sado,sado,sadomasoquismo,poltrona inflável,fetish fantasy series,infatable bondage chair",0,0,"",True,False,0,0,0,"","","","","","",""
"A","Acessórios",257980,"2082","Poltrona Inflável com Amarras Inflatable Bondage Chair - Coleção Fetish Fantasy Series",500,"","","http://www.lojadoprazer.com/xg/XG2082.jpg",True,1,1,True,0,99,249.9,0,0,0,,,False,False,"T2082.jpg","2082.jpg","2082.jpg","","","","Estados Unidos (EUA)","Pipedream","","",0,,1104,"2083,2084,2085,2086",,0,0,,"iframe/2082.html","Acessórios sadomasoquistas,acessórios sado,sado,sadomasoquismo,poltrona inflável,fetish fantasy series,infatable bondage chair",0,0,"",True,False,0,0,0,"","","","","","",""
"A","Acessórios",258097,"2082","Poltrona Inflável com Amarras Inflatable Bondage Chair - Coleção Fetish Fantasy Series",500,"","","http://www.lojadoprazer.com/xg/XG2082.jpg",True,1,1,True,0,99,249.9,0,0,0,,,False,False,"T2082.jpg","2082.jpg","2082.jpg","","","","Estados Unidos (EUA)","Pipedream","","",0,,1104,"2083,2084,2085,2086",,0,0,,"iframe/2082.html","Acessórios sadomasoquistas,acessórios sado,sado,sadomasoquismo,poltrona inflável,fetish fantasy series,infatable bondage chair",0,0,"",True,False,0,0,0,"","","","","","",""
"A","Acessórios",258145,"2062","Ringue Inflável - Coleção Fetish Fantasy Series",7585,"","","http://www.lojadoprazer.com/xg/XG2062.jpg",True,0,1,True,0,318.09,1199.9,419.95,0,0,31/07/2015 08:00:00,31/07/2020,False,False,"T2062.jpg","2062.jpg","2062.jpg","","","","Estados Unidos (USA)","Pipedream","","",1,,1104,"19525,19509,19528,19514",,0,0,,"iframe/2062.html","ringue inflável,brinquedo inflável,piscina inflável,briga de gel,ringue de brincadeira,ringue de luta,briga no gel,luta no gel,comprazer03,PromoPipe15",0,0,"",True,False,0,0,0,"","","","","","",""
"A","Acessórios",258034,"2062","Ringue Inflável - Coleção Fetish Fantasy Series",7585,"","","http://www.lojadoprazer.com/xg/XG2062.jpg",True,0,1,True,0,318.09,1199.9,419.95,0,0,31/07/2015 08:00:00,31/07/2020,False,False,"T2062.jpg","2062.jpg","2062.jpg","","","","Estados Unidos (USA)","Pipedream","","",1,,1104,"19525,19509,19528,19514",,0,0,,"iframe/2062.html","ringue inflável,brinquedo inflável,piscina inflável,briga de gel,ringue de brincadeira,ringue de luta,briga no gel,luta no gel,comprazer03,PromoPipe15",0,0,"",True,False,0,0,0,"","","","","","",""
"A","Acessórios",258265,"2062","Ringue Inflável - Coleção Fetish Fantasy Series",7585,"","","http://www.lojadoprazer.com/xg/XG2062.jpg",True,1,1,True,0,318.09,1199.9,419.95,0,0,31/07/2015 08:00:00,31/07/2020,False,False,"T2062.jpg","2062.jpg","2062.jpg","","","","Estados Unidos (USA)","Pipedream","","",1,,1104,"19525,19509,19528,19514",,0,0,,"iframe/2062.html","ringue inflável,brinquedo inflável,piscina inflável,briga de gel,ringue de brincadeira,ringue de luta,briga no gel,luta no gel,comprazer03,PromoPipe15",0,0,"",True,False,0,0,0,"","","","","","",""
"A","Acessórios",258271,"13025","Roda Estimulante Wartenberg Wheel - Coleção Fetish Fantasy Gold",55,"","","http://www.lojadoprazer.com/xg/XG13025.jpg",True,1,1,True,0,13.26,46.9,0,0,0,,,False,False,"T13025.jpg","13025.jpg","13025.jpg","","","","Estados Unidos (USA)","Pipedream","","",0,,1104,"11180,11448,11445,13012,13017",,0,0,,"iframe/13025.html","roda,roda erótica,sado,dor,sadomasoquismo,fetish,fetiche",0,0,"",True,False,0,0,0,"","","","","","",""
"A","Acessórios",258043,"13025","Roda Estimulante Wartenberg Wheel - Coleção Fetish Fantasy Gold",55,"","","http://www.lojadoprazer.com/xg/XG13025.jpg",True,1,1,True,0,13.26,46.9,0,0,0,,,False,False,"T13025.jpg","13025.jpg","13025.jpg","","","","Estados Unidos (USA)","Pipedream","","",0,,1104,"11180,11448,11445,13012,13017",,0,0,,"iframe/13025.html","roda,roda erótica,sado,dor,sadomasoquismo,fetish,fetiche",0,0,"",True,False,0,0,0,"","","","","","",""
"A","Acessórios",258154,"13025","Roda Estimulante Wartenberg Wheel - Coleção Fetish Fantasy Gold",55,"","","http://www.lojadoprazer.com/xg/XG13025.jpg",True,1,1,True,0,13.26,46.9,0,0,0,,,False,False,"T13025.jpg","13025.jpg","13025.jpg","","","","Estados Unidos (USA)","Pipedream","","",0,,1104,"11180,11448,11445,13012,13017",,0,0,,"iframe/13025.html","roda,roda erótica,sado,dor,sadomasoquismo,fetish,fetiche",0,0,"",True,False,0,0,0,"","","","","","",""
"A","Acessórios",258175,"226088","Separador de Braços Submission",220,"","","http://www.lojadoprazer.com/xg/XG226088.jpg",True,1,1,True,0,29.5,89.9,0,0,0,,,False,False,"T226088.jpg","226088.jpg","226088.jpg","","","","","","","",15,,1104,"226077,226078,226079,226080,226081",,0,0,,"iframe/226088.html","submission,sado,sadomasoquismo",0,0,"",True,False,0,0,0,"","","","","","",""
"A","Acessórios",258067,"226088","Separador de Braços Submission",220,"","","http://www.lojadoprazer.com/xg/XG226088.jpg",True,1,1,True,0,29.5,89.9,0,0,0,,,False,False,"T226088.jpg","226088.jpg","226088.jpg","","","","","","","",15,,1104,"226077,226078,226079,226080,226081",,0,0,,"iframe/226088.html","submission,sado,sadomasoquismo",0,0,"",True,False,0,0,0,"","","","","","",""
"A","Acessórios",258292,"226088","Separador de Braços Submission",220,"","","http://www.lojadoprazer.com/xg/XG226088.jpg",True,1,1,True,0,29.5,89.9,0,0,0,,,False,False,"T226088.jpg","226088.jpg","226088.jpg","","","","","","","",15,,1104,"226077,226078,226079,226080,226081",,0,0,,"iframe/226088.html","submission,sado,sadomasoquismo",0,0,"",True,False,0,0,0,"","","","","","",""
"A","Acessórios",258280,"226089","Separador de Pés Submission",220,"","","http://www.lojadoprazer.com/xg/XG226089.jpg",True,1,1,True,0,25.75,74.9,0,0,0,,,False,False,"T226089.jpg","226089.jpg","226089.jpg","","","","","","","",15,,1104,"226077,226078,226079,226080,226081",,0,0,,"iframe/226089.html","submission,sado,sadomasoquismo",0,0,"",True,False,0,0,0,"","","","","","",""
"A","Acessórios",258064,"226089","Separador de Pés Submission",220,"","","http://www.lojadoprazer.com/xg/XG226089.jpg",True,1,1,True,0,25.75,74.9,0,0,0,,,False,False,"T226089.jpg","226089.jpg","226089.jpg","","","","","","","",15,,1104,"226077,226078,226079,226080,226081",,0,0,,"iframe/226089.html","submission,sado,sadomasoquismo",0,0,"",True,False,0,0,0,"","","","","","",""
"A","Acessórios",258169,"226089","Separador de Pés Submission",220,"","","http://www.lojadoprazer.com/xg/XG226089.jpg",True,1,1,True,0,25.75,74.9,0,0,0,,,False,False,"T226089.jpg","226089.jpg","226089.jpg","","","","","","","",15,,1104,"226077,226078,226079,226080,226081",,0,0,,"iframe/226089.html","submission,sado,sadomasoquismo",0,0,"",True,False,0,0,0,"","","","","","",""
"A","Acessórios",258091,"2127","Sex Machine - Coleção Fetish Fantasy Series",0,"","","http://www.lojadoprazer.com/xg/XG2127.jpg",True,1,1,True,0,550,999,0,0,0,,,False,False,"T2127.jpg","I2127.jpg","G2127.jpg","","","","Estados Unidos (USA)","Pipedream","","",0,,1104,"2126,2125,2124,2123",,0,0,,"iframe/2127.html","Acessórios sadomasoquistas,acessórios sado,sado,sadomasoquismo,poltrona com pênis,Sex Machine,fetish fantasy series",0,0,"",True,False,0,0,0,"","","","","","",""
"A","Acessórios",257974,"2127","Sex Machine - Coleção Fetish Fantasy Series",0,"","","http://www.lojadoprazer.com/xg/XG2127.jpg",True,0,1,True,0,550,999,0,0,0,,,False,False,"T2127.jpg","I2127.jpg","G2127.jpg","","","","Estados Unidos (USA)","Pipedream","","",0,,1104,"2126,2125,2124,2123",,0,0,,"iframe/2127.html","Acessórios sadomasoquistas,acessórios sado,sado,sadomasoquismo,poltrona com pênis,Sex Machine,fetish fantasy series",0,0,"",True,False,0,0,0,"","","","","","",""
"A","Acessórios",258208,"2127","Sex Machine - Coleção Fetish Fantasy Series",0,"","","http://www.lojadoprazer.com/xg/XG2127.jpg",True,1,1,True,0,550,999,0,0,0,,,False,False,"T2127.jpg","I2127.jpg","G2127.jpg","","","","Estados Unidos (USA)","Pipedream","","",0,,1104,"2126,2125,2124,2123",,0,0,,"iframe/2127.html","Acessórios sadomasoquistas,acessórios sado,sado,sadomasoquismo,poltrona com pênis,Sex Machine,fetish fantasy series",0,0,"",True,False,0,0,0,"","","","","","",""
"A","Acessórios",258274,"226084","Tapa-Sexo Masculino de Couro Submission",55,"","","http://www.lojadoprazer.com/xg/XG226084.jpg",True,1,1,True,0,4.8,14.9,0,0,0,,,False,False,"T226084.jpg","226084.jpg","226084.jpg","","","","","","","",15,,1104,"226092,226093,226094,226095,226096",,0,0,,"iframe/226084.html","submission,sado,sadomasoquismo,cueca",0,0,"",True,False,0,0,0,"","","","","","",""
"A","Acessórios",258049,"226084","Tapa-Sexo Masculino de Couro Submission",55,"","","http://www.lojadoprazer.com/xg/XG226084.jpg",True,1,1,True,0,4.8,14.9,0,0,0,,,False,False,"T226084.jpg","226084.jpg","226084.jpg","","","","","","","",15,,1104,"226092,226093,226094,226095,226096",,0,0,,"iframe/226084.html","submission,sado,sadomasoquismo,cueca",0,0,"",True,False,0,0,0,"","","","","","",""
"A","Acessórios",258163,"226084","Tapa-Sexo Masculino de Couro Submission",55,"","","http://www.lojadoprazer.com/xg/XG226084.jpg",True,0,1,True,0,4.8,14.9,0,0,0,,,False,False,"T226084.jpg","226084.jpg","226084.jpg","","","","","","","",15,,1104,"226092,226093,226094,226095,226096",,0,0,,"iframe/226084.html","submission,sado,sadomasoquismo,cueca",0,0,"",True,False,0,0,0,"","","","","","",""
"A","Acessórios",258073,"12794","Tornozeleiras Luxury Fetish - Coleção Aphrodisia",255,"Tornozeleiras Luxury Fetish produto descrição.","","http://www.lojadoprazer.com/xg/XG12794.jpg",True,298,20,True,0,27,999.99,899,0,0,03/05/2017,31/05/2018,False,False,"5036_01.jpg","5036_01.jpg","5036_01.jpg","","","","","","","",19,,0,"258073,258076,258277",,0,0,,"iframe/12794.html","sado,sadomasoquismo,prender,fetiche,Aphrodisia",12,0,"",True,False,0,0,0,"","","Tornozeleiras Luxury Fetish","","","Tornozeleiras Luxury Fetish","655"
"A","Acessórios",258196,"12519","Vibrador Ponto G Ondulado de Silicone",200,"","","http://www.lojadoprazer.com/xg/XG12519.jpg",True,1,1,True,0,50.4,99.9,0,0,0,,,False,False,"5036_01.jpg","5036_01.jpg","5036_01.jpg","","","","","","","",19,,0,"4034,4036,11344,11347,11358",,0,0,,"iframe/12519.html","orgasmo,feminino,ondulações",0,0,"",True,False,0,0,0,"","","","","","",""
"A","Acessórios - 02",258181,"12794","Tornozeleiras Luxury Fetish - Coleção Aphrodisia",255,"","","http://www.lojadoprazer.com/xg/XG12794.jpg",True,1,1,True,0,27,54.9,0,0,0,,,False,False,"5036_01.jpg","5036_01.jpg","5036_01.jpg","","","","","","","",19,,0,"13503,13567,39580,39840,2521",,0,0,,"iframe/12794.html","sado,sadomasoquismo,prender,fetiche,Aphrodisia",0,0,"",True,False,0,0,0,"","","","","","","656"
"A","Cosméticos",258313,"12519","Vibrador Ponto G Ondulado de Silicone",200,"","","http://www.lojadoprazer.com/xg/XG12519.jpg",True,1,1,True,0,50.4,99.9,0,0,0,,,False,False,"5036_01.jpg","5036_01.jpg","5036_01.jpg","","","","","","","",19,,0,"4034,4036,11344,11347,11358",,0,0,,"iframe/12519.html","orgasmo,feminino,ondulações",0,0,"",True,False,0,0,0,"","","","","","",""
"A","Extensores Penianos",258061,"226086","Amarras de Tecido Submission",65,"","","http://www.lojadoprazer.com/xg/XG226086.jpg",True,0,1,True,0,5.55,16.9,0,0,0,,,False,False,"5036_01.jpg","5036_01.jpg","5036_01.jpg","","","","","","","",15,,0,"226092,226093,226094,226095,226096",,0,0,,"iframe/226086.html","submission,sado,sadomasoquismo,bondage",0,0,"",True,False,0,0,0,"","","","","","",""
"A","Extensores Penianos",258184,"12778","Produto modelo de desenvolvimento loja - Virtual Fastcommerce",125,"Lorem Ipsum é simplesmente uma simulação de texto da indústria tipográfica e de impressos, e vem sendo utilizado desde o século XVI, quando um impressor desconhecido pegou uma bandeja","Lorem Ipsum é simplesmente uma simulação de texto da indústria tipográfica e de impressos, e vem sendo utilizado desde o século XVI, quando um impressor desconhecido pegou uma bandeja de tipos e os embaralhou para fazer um livro de modelos de tipos. Lorem Ipsum sobreviveu não só a cinco séculos, como também ao salto para a editoração eletrônica, permanecendo essencialmente inalterado.","",True,450,10,True,2,18.54,999.99,899.98,0,0,28/04/2017,23/04/2018,False,False,"espartilhorendado13.jpg","espartilhorendado13.jpg","espartilhorendado13.jpg","","","","","","","",19,,0,"12778,12794,12519,226087",,0,0,,"descricao.htm","sado,sadomasoquismo,prender,fetiche,Aphrodisia,castigo,mão",0,0,"",True,False,0,0,0,"pU9Q6oiQNd0","","","","258298,258289,258295,258301","","655,657,660,663,662"
"A","Géis e Lubrificantes",344954,"","",0,"Descrição do produto teste loja Fastcommerce. Basta inserir descrição curta do produto.","","",False,499,5,True,0,0,39,25,0,0,08/05/2017,22/05/2019,False,False,"lan-preto.jpg","lan-preto.jpg","lan-preto.jpg","","3368","","","","","4157",0,258301,0,"",,0,0,,"","",0,0,"",True,False,0,0,0,"","","","grade-produto-modelo-desenvolvimento-loja-96056765","","",""
"A","Géis e Lubrificantes",344955,"","",0,"Descrição do produto teste loja Fastcommerce. Basta inserir descrição curta do produto.
","","",False,500,10,True,0,0,39,25,0,0,08/05/2017,31/05/2019,False,False,"lan-verm.jpg","lan-verm.jpg","lan-verm.jpg","","3367","","","","","4226",0,258301,0,"",,0,0,,"","",0,0,"",True,False,0,0,0,"","","","grade-produto-modelo-desenvolvimento-loja-62885684","","",""
"A","Géis e Lubrificantes",344956,"","",0,"Descrição do produto teste loja Fastcommerce. Basta inserir descrição curta do produto.","","",False,498,10,True,0,0,25,39,0,0,,,False,False,"lan-branco.jpg","lan-branco.jpg","lan-branco.jpg","","3369","","","","","4047",0,258301,0,"",,0,0,,"","",0,0,"",True,False,0,0,0,"","","","grade-produto-modelo-desenvolvimento-loja-1166934","","",""
"A","Géis e Lubrificantes",347899,"","",0,"","","",False,500,0,True,0,0,150,200,0,0,13/06/2017,27/06/2020,False,False,"","","","","3367","","","","","4047",0,258301,0,"",,0,0,,"","",0,0,"",False,False,0,0,0,"","","","grade-produto-modelo-desenvolvimento-loja-3472537","","",""
"A","Géis e Lubrificantes",347900,"","",0,"","","",False,1,0,True,0,0,180,160,0,0,13/06/2017,30/06/2018,False,False,"","","","","3369","","","","","4157",0,258301,0,"",,0,0,,"","",0,0,"",False,False,0,0,0,"","","","grade-produto-modelo-desenvolvimento-loja-13544864","","",""
"A","Géis e Lubrificantes",258301,"3022","Grade Produto modelo desenvolvimento loja",125,"<span>Lorem Ipsum é simplesmente uma simulação de texto da indústria tipográfica e de impressos, e vem sendo utilizado desde o século XVI, quando um impressor desconhecido pegou uma  </span>","<span></span>Lorem Ipsum é simplesmente uma simulação de texto da indústria tipográfica e de impressos, e vem sendo utilizado desde o século XVI, quando um impressor desconhecido pegou uma bandeja de tipos e os embaralhou para fazer um livro de modelos de tipos. Lorem Ipsum sobreviveu não só a cinco séculos, como também ao salto para a editoração eletrônica, permanecendo essencialmente inalterado.","http://www.lojadoprazer.com/xg/XG12778.jpg",True,30,5,True,0,18.54,39.9,25,0,0,04/05/2017,30/05/2018,False,False,"lan-verm.jpg","lan-verm.jpg","lan-verm.jpg","","","","","","","",19,,0,"13503,13567,39580,39840,2521",,0,0,,"iframe/12778.html","sado,sadomasoquismo,prender,fetiche,Aphrodisia,castigo,mão",0,0,"",True,False,0,0,0,"","","","","12778","","655,656,795,663,662,661"
"A","Presentes",258277,"226086","Amarras de Tecido Submission",65,"","","http://www.lojadoprazer.com/xg/XG226086.jpg",True,1,1,True,0,5.55,16.9,0,0,0,,,False,False,"5036_01.jpg","5036_01.jpg","5036_01.jpg","","","","","","","",15,,0,"226092,226093,226094,226095,226096",,0,0,,"iframe/226086.html","submission,sado,sadomasoquismo,bondage",0,0,"",True,False,0,0,0,"","","","","","",""
"A","Sado",258298,"12794","Tornozeleiras Luxury Fetish - Coleção Aphrodisia",255,"","","http://www.lojadoprazer.com/xg/XG12794.jpg",True,1,1,True,0,27,999.9,500,0,0,,,False,False,"5036_01.jpg","5036_01.jpg","5036_01.jpg","","","","","","","",19,,0,"13503,13567,39580,39840,2521",,0,0,,"iframe/12794.html","sado,sadomasoquismo,prender,fetiche,Aphrodisia",0,0,"",True,False,0,0,0,"","","","","","",""
